--
-- 转存表中的数据 `svoms_products`
--
INSERT INTO `svoms_products` (`id`, `coupon_type_id`, `brand_id`, `product_public_template_id`, `provider_id`, `category_id`, `category_type_id`, `option_type_id`, `code`, `style_code`, `is_colors_gallery`, `product_name_style`, `img_thumb`, `img_detail`, `img_big`, `img_original`, `colors_gallery`, `recommand_flag`, `min_buy`, `max_buy`, `admin_id`, `alone`, `forsale`, `status`, `bestbefore`, `weight`, `market_price`, `shop_price`, `custom_price`, `promotion_price`, `purchase_price`, `promotion_start`, `promotion_end`, `promotion_status`, `point`, `point_fee`, `view_stat`, `sale_stat`, `like_stat`, `product_type_id`, `product_rank_id`, `quantity`, `warn_quantity`, `warn_style`, `frozen_quantity`, `extension_code`, `operator_id`, `operator_name`, `last_update_time`, `online_time`, `file_url`, `video`, `wholesale`, `freeshopping`, `modify_status`, `weithm`, `created`, `modified`) VALUES
(4, 0, 2, 0, 0, 5, 0, 0, '000004', NULL, '0', '+', 'http://img.seevia.cn/img/photos/201408/0/2/original/4c78d1c2e19563bc20d9292b5e7fbf54.JPG', 'http://img.seevia.cn/img/photos/201408/0/2/detail/4c78d1c2e19563bc20d9292b5e7fbf54.JPG', 'http://img.seevia.cn/img/photos/201408/0/2/big/4c78d1c2e19563bc20d9292b5e7fbf54.JPG', 'http://img.seevia.cn/img/photos/201408/0/2/original/4c78d1c2e19563bc20d9292b5e7fbf54.JPG', NULL, '0', 1, 999, 0, '1', '1', '1', '0', 0.000, 118.80, 99.00, '', 0.00, 0.00, '0000-00-00 00:00:00', '0000-00-00 00:00:00', '0', 0, '0', 6, 0, 0, 0, 0, 999, 0, '0', 0, '', 1, 'admin', '2014-09-28 13:58:29', '2014-08-21 16:45:15', NULL, '', '0', '0', '1', 0, '2014-06-30 10:27:00', '2015-01-07 10:06:35'),
(3, 0, 0, 0, 0, 2, 0, 0, '000003', NULL, '0', '+', 'http://img.seevia.cn/img/photos/201408/0/2/original/8af50709840a68ae09175753bb9c7f0c.JPG', 'http://img.seevia.cn/img/photos/201408/0/2/detail/8af50709840a68ae09175753bb9c7f0c.JPG', 'http://img.seevia.cn/img/photos/201408/0/2/big/8af50709840a68ae09175753bb9c7f0c.JPG', 'http://img.seevia.cn/img/photos/201408/0/2/original/8af50709840a68ae09175753bb9c7f0c.JPG', NULL, '0', 1, 999, 0, '1', '1', '1', '0', 0.000, 27.59, 23.00, '', 0.00, 0.00, '0000-00-00 00:00:00', '0000-00-00 00:00:00', '0', 0, '0', 0, 0, 0, 0, 0, 999, 0, '0', 0, '', 1, 'admin', '2014-09-28 13:58:46', '2014-08-21 16:45:16', NULL, '', '0', '0', '1', 0, '2014-06-30 10:27:00', '2015-01-07 10:06:35'),
(2, 0, 0, 0, 0, 2, 0, 0, '000002', NULL, '0', '+', 'http://img.seevia.cn/img/photos/201408/0/2/original/8b0cf3c565581bde0f7d2c063499c0db.JPG', 'http://img.seevia.cn/img/photos/201408/0/2/detail/8b0cf3c565581bde0f7d2c063499c0db.JPG', 'http://img.seevia.cn/img/photos/201408/0/2/big/8b0cf3c565581bde0f7d2c063499c0db.JPG', 'http://img.seevia.cn/img/photos/201408/0/2/original/8b0cf3c565581bde0f7d2c063499c0db.JPG', NULL, '0', 1, 999, 0, '1', '1', '1', '0', 0.000, 27.59, 23.00, '', 0.00, 0.00, '0000-00-00 00:00:00', '0000-00-00 00:00:00', '0', 0, '0', 0, 0, 0, 0, 0, 999, 0, '0', 0, '', 1, 'admin', '2014-09-28 13:59:00', '2014-08-21 16:45:14', NULL, '', '0', '0', '1', 0, '2014-06-30 10:27:00', '2015-01-07 10:06:35'),
(1, 0, 0, 0, 0, 2, 0, 0, 'IOCO000001', NULL, '0', '+', 'http://img.seevia.cn/img/photos/201408/0/2/original/205f360b911c3aff0e615aa9c0c56c58.jpg', 'http://img.seevia.cn/img/photos/201408/0/2/detail/205f360b911c3aff0e615aa9c0c56c58.jpg', 'http://img.seevia.cn/img/photos/201408/0/2/big/205f360b911c3aff0e615aa9c0c56c58.jpg', 'http://img.seevia.cn/img/photos/201408/0/2/original/205f360b911c3aff0e615aa9c0c56c58.jpg', NULL, '0', 1, 999, 0, '1', '1', '1', '0', 0.000, 27.59, 23.00, '', 0.00, 0.00, '0000-00-00 00:00:00', '0000-00-00 00:00:00', '0', 0, '0', 0, 0, 0, 0, 0, 999, 0, '0', 0, '', 1, 'admin', '2014-09-28 13:59:10', '0000-00-00 00:00:00', NULL, '', '0', '0', '1', 0, '2014-06-30 10:27:00', '2015-01-07 10:06:35'),
(5, 0, 0, 0, 0, 2, 0, 0, '000005', NULL, '0', '+', 'http://img.seevia.cn/img/photos/201408/0/2/original/c4990b5ed6181756e1f9ae60ef253778.JPG', 'http://img.seevia.cn/img/photos/201408/0/2/detail/c4990b5ed6181756e1f9ae60ef253778.JPG', 'http://img.seevia.cn/img/photos/201408/0/2/big/c4990b5ed6181756e1f9ae60ef253778.JPG', 'http://img.seevia.cn/img/photos/201408/0/2/original/c4990b5ed6181756e1f9ae60ef253778.JPG', NULL, '0', 1, 999, 0, '1', '1', '1', '0', 0.000, 27.59, 23.00, '', 0.00, 0.00, '0000-00-00 00:00:00', '0000-00-00 00:00:00', '0', 0, '0', 0, 0, 0, 0, 0, 999, 0, '0', 0, '', 1, 'admin', '2014-09-28 13:58:20', '2014-08-21 16:45:17', NULL, '', '0', '0', '1', 0, '2014-06-30 10:27:00', '2015-01-07 10:06:35'),
(6, 0, 0, 0, 0, 2, 0, 0, '000006', NULL, '0', '+', 'http://img.seevia.cn/img/photos/201408/0/2/original/fc6a052ecf04dcebee7e2431ac0c230d.JPG', 'http://img.seevia.cn/img/photos/201408/0/2/detail/fc6a052ecf04dcebee7e2431ac0c230d.JPG', 'http://img.seevia.cn/img/photos/201408/0/2/big/fc6a052ecf04dcebee7e2431ac0c230d.JPG', 'http://img.seevia.cn/img/photos/201408/0/2/original/fc6a052ecf04dcebee7e2431ac0c230d.JPG', NULL, '0', 1, 999, 0, '1', '1', '1', '0', 0.000, 27.59, 23.00, '', 0.00, 0.00, '0000-00-00 00:00:00', '0000-00-00 00:00:00', '0', 0, '0', 0, 0, 0, 0, 0, 99, 0, '0', 0, '', 1, 'admin', '2014-09-28 13:58:02', '2014-08-21 16:45:18', NULL, '', '0', '0', '1', 0, '2014-06-30 10:27:00', '2015-01-07 10:06:35'),
(7, 0, 0, 0, 0, 5, 0, 0, '000007', NULL, '0', '+', 'http://img.seevia.cn/img/photos/201408/0/2/original/c0344435942c31ccdae8a4831aba9b24.JPG', 'http://img.seevia.cn/img/photos/201408/0/2/detail/c0344435942c31ccdae8a4831aba9b24.JPG', 'http://img.seevia.cn/img/photos/201408/0/2/big/c0344435942c31ccdae8a4831aba9b24.JPG', 'http://img.seevia.cn/img/photos/201408/0/2/original/c0344435942c31ccdae8a4831aba9b24.JPG', NULL, '0', 1, 999, 0, '1', '1', '1', '0', 0.000, 27.59, 23.00, '', 0.00, 0.00, '0000-00-00 00:00:00', '0000-00-00 00:00:00', '0', 0, '0', 0, 0, 0, 0, 0, 999, 0, '0', 0, '', 1, 'admin', '2014-09-28 13:57:52', '2014-08-21 16:45:18', NULL, '', '0', '0', '1', 0, '2014-06-30 10:27:00', '2015-01-07 10:06:35'),
(8, 0, 0, 0, 0, 2, 0, 0, '000008', NULL, '0', '+', 'http://img.seevia.cn/img/photos/201408/0/2/original/f14dc05a3267e1193b4292e20d259f79.JPG', 'http://img.seevia.cn/img/photos/201408/0/2/detail/f14dc05a3267e1193b4292e20d259f79.JPG', 'http://img.seevia.cn/img/photos/201408/0/2/big/f14dc05a3267e1193b4292e20d259f79.JPG', 'http://img.seevia.cn/img/photos/201408/0/2/original/f14dc05a3267e1193b4292e20d259f79.JPG', NULL, '0', 1, 999, 0, '1', '1', '1', '0', 0.000, 27.59, 23.00, '', 0.00, 0.00, '0000-00-00 00:00:00', '0000-00-00 00:00:00', '0', 0, '0', 0, 0, 0, 0, 0, 999, 0, '0', 0, '', 1, 'admin', '2014-09-28 13:57:38', '2014-08-21 16:47:50', NULL, '', '0', '0', '1', 0, '2014-06-30 10:27:00', '2015-01-07 10:06:35'),
(9, 0, 0, 0, 0, 4, 0, 0, '123', NULL, '0', '+', 'http://img.seevia.cn/img/photos/201408/0/2/original/d9150865cc5f20489e202b7a58c745bd.JPG', 'http://img.seevia.cn/img/photos/201408/0/2/detail/d9150865cc5f20489e202b7a58c745bd.JPG', 'http://img.seevia.cn/img/photos/201408/0/2/big/d9150865cc5f20489e202b7a58c745bd.JPG', 'http://img.seevia.cn/img/photos/201408/0/2/original/d9150865cc5f20489e202b7a58c745bd.JPG', NULL, '0', 1, 999, 0, '0', '1', '1', '0', 0.000, 265.20, 123.00, '', 0.00, 0.00, '0000-00-00 00:00:00', '0000-00-00 00:00:00', '0', 0, '0', 0, 0, 0, 0, 0, 999, 0, '0', 0, '', 1, 'admin', '2014-09-28 13:57:27', '0000-00-00 00:00:00', NULL, '', '0', '0', '1', 0, '2014-08-22 14:29:07', '2015-01-07 10:06:35'),
(10, 0, 0, 0, 0, 3, 0, 1, '000010', NULL, '0', '+', 'http://img.seevia.cn/img/photos/201409/0/2/original/f862d2eafd449d2ccc1cdfc4e03bad97.JPG', 'http://img.seevia.cn/img/photos/201409/0/2/detail/f862d2eafd449d2ccc1cdfc4e03bad97.JPG', 'http://img.seevia.cn/img/photos/201409/0/2/big/f862d2eafd449d2ccc1cdfc4e03bad97.JPG', 'http://img.seevia.cn/img/photos/201409/0/2/original/f862d2eafd449d2ccc1cdfc4e03bad97.JPG', NULL, '0', 1, 999, 0, '1', '1', '1', '0', 0.000, 266.40, 222.00, '', 0.00, 0.00, '0000-00-00 00:00:00', '0000-00-00 00:00:00', '0', 0, '0', 0, 0, 0, 0, 0, 999, 0, '0', 0, '', 1, 'admin', '2014-09-28 13:57:07', '0000-00-00 00:00:00', NULL, '', '0', '0', '1', 0, '2014-08-22 14:15:01', '2015-01-07 10:06:35'),
(13, 0, 0, 0, 0, 3, 0, 0, '0013', NULL, '0', '+', 'http://img.seevia.cn/img/photos/201408/0/2/original/dab1e14979dd63e89a22ca23c33f3e02.jpg', 'http://img.seevia.cn/img/photos/201408/0/2/detail/dab1e14979dd63e89a22ca23c33f3e02.jpg', 'http://img.seevia.cn/img/photos/201408/0/2/big/dab1e14979dd63e89a22ca23c33f3e02.jpg', 'http://img.seevia.cn/img/photos/201408/0/2/original/dab1e14979dd63e89a22ca23c33f3e02.jpg', NULL, '0', 1, 999, 0, '1', '1', '1', '0', 0.000, 146.40, 122.00, '', 0.00, 0.00, '0000-00-00 00:00:00', '0000-00-00 00:00:00', '0', 0, '0', 0, 0, 0, 0, 0, 999, 0, '0', 0, '', 1, 'admin', '2014-09-28 13:56:57', '0000-00-00 00:00:00', NULL, '', '0', '0', '1', 0, '2014-08-22 14:27:41', '2015-01-07 10:06:35'),
(14, 0, 0, 0, 0, 4, 0, 2, '0014', NULL, '0', '+', 'http://img.seevia.cn/img/photos/201408/0/2/original/d9150865cc5f20489e202b7a58c745bd.JPG', 'http://img.seevia.cn/img/photos/201408/0/2/detail/d9150865cc5f20489e202b7a58c745bd.JPG', 'http://img.seevia.cn/img/photos/201408/0/2/big/d9150865cc5f20489e202b7a58c745bd.JPG', 'http://img.seevia.cn/img/photos/201408/0/2/original/d9150865cc5f20489e202b7a58c745bd.JPG', NULL, '0', 1, 999, 0, '1', '1', '1', '0', 0.000, 265.20, 221.00, '', 0.00, 0.00, '0000-00-00 00:00:00', '0000-00-00 00:00:00', '0', 0, '0', 0, 0, 0, 2, 0, 999, 0, '0', 0, '', 1, 'admin', '2014-09-28 13:56:47', '0000-00-00 00:00:00', NULL, '', '0', '0', '1', 0, '2014-08-22 14:29:07', '2015-01-07 10:06:35'),
(15, 0, 0, 0, 0, 2, 0, 0, '000015', NULL, '0', '+', 'http://img.seevia.cn/img/photos/201408/0/2/original/4c78d1c2e19563bc20d9292b5e7fbf54.JPG', 'http://img.seevia.cn/img/photos/201408/0/2/detail/4c78d1c2e19563bc20d9292b5e7fbf54.JPG', 'http://img.seevia.cn/img/photos/201408/0/2/big/4c78d1c2e19563bc20d9292b5e7fbf54.JPG', 'http://img.seevia.cn/img/photos/201408/0/2/original/4c78d1c2e19563bc20d9292b5e7fbf54.JPG', NULL, '0', 1, 999, 0, '1', '1', '1', '0', 0.000, 120.00, 100.00, '', 0.00, 0.00, '0000-00-00 00:00:00', '0000-00-00 00:00:00', '0', 0, '0', 0, 0, 0, 0, 0, 999, 0, '0', 0, '', 1, 'admin', '2014-09-28 13:56:37', '0000-00-00 00:00:00', NULL, '', '0', '0', '1', 0, '2014-08-28 13:06:59', '2015-01-07 10:06:35'),
(16, 0, 0, 0, 0, 2, 0, 0, '000016', NULL, '0', '+', 'http://img.seevia.cn/img/photos/201409/0/2/original/1fc59f720e63bd9aff775775ab950c95.JPG', 'http://img.seevia.cn/img/photos/201409/0/2/detail/1fc59f720e63bd9aff775775ab950c95.JPG', 'http://img.seevia.cn/img/photos/201409/0/2/big/1fc59f720e63bd9aff775775ab950c95.JPG', 'http://img.seevia.cn/img/photos/201409/0/2/original/1fc59f720e63bd9aff775775ab950c95.JPG', NULL, '0', 1, 999, 0, '1', '1', '1', '0', 0.000, 120.00, 100.00, '', 0.00, 0.00, '0000-00-00 00:00:00', '0000-00-00 00:00:00', '0', 0, '0', 0, 0, 0, 0, 0, 90, 0, '0', 0, '', 1, 'admin', '2014-09-28 13:56:23', '2014-09-03 09:56:22', NULL, '', '0', '0', '1', 0, '2014-08-28 13:06:59', '2015-01-07 10:06:35'),
(17, 0, 0, 0, 0, 7, 0, 0, '0017', NULL, '0', '+', 'http://img.seevia.cn/img/photos/201408/0/2/original/db24ce3984b0140fbd0ce1b1feb37f21.jpg', 'http://img.seevia.cn/img/photos/201408/0/2/detail/db24ce3984b0140fbd0ce1b1feb37f21.jpg', 'http://img.seevia.cn/img/photos/201408/0/2/big/db24ce3984b0140fbd0ce1b1feb37f21.jpg', 'http://img.seevia.cn/img/photos/201408/0/2/original/db24ce3984b0140fbd0ce1b1feb37f21.jpg', NULL, '0', 1, 999, 0, '1', '1', '1', '0', 0.000, 147.60, 123.00, '', 0.00, 0.00, '0000-00-00 00:00:00', '0000-00-00 00:00:00', '0', 0, '0', 0, 0, 0, 0, 0, 999, 0, '0', 0, '', 1, 'admin', '2014-09-28 15:06:44', '0000-00-00 00:00:00', NULL, '', '0', '0', '1', 0, '2014-08-29 13:57:56', '2015-01-07 10:06:35'),
(18, 0, 0, 0, 0, 8, 0, 0, '000018', NULL, '0', '+', 'http://img.seevia.cn/img/photos/201408/0/2/original/e4e089219785235747fbf3ebb65484f8.jpg', 'http://img.seevia.cn/img/photos/201408/0/2/detail/e4e089219785235747fbf3ebb65484f8.jpg', 'http://img.seevia.cn/img/photos/201408/0/2/big/e4e089219785235747fbf3ebb65484f8.jpg', 'http://img.seevia.cn/img/photos/201408/0/2/original/e4e089219785235747fbf3ebb65484f8.jpg', NULL, '0', 1, 999, 0, '1', '1', '1', '0', 0.000, 134.40, 112.00, '', 0.00, 0.00, '0000-00-00 00:00:00', '0000-00-00 00:00:00', '0', 0, '0', 0, 0, 0, 0, 0, 999, 0, '0', 0, '', 1, 'admin', '2014-09-28 13:56:01', '0000-00-00 00:00:00', NULL, '', '0', '0', '1', 0, '2014-08-29 13:58:40', '2015-01-07 10:06:35'),
(19, 0, 2, 0, 0, 5, 0, 0, '0019', NULL, '0', '+', 'http://o2o.products.seevia.cn/img/photos/201408/0/2/small/523f60c009841f5793c96658fb340b50.jpg', 'http://img.seevia.cn/img/photos/201408/0/2/detail/523f60c009841f5793c96658fb340b50.jpg', 'http://img.seevia.cn/img/photos/201408/0/2/big/523f60c009841f5793c96658fb340b50.jpg', 'http://img.seevia.cn/img/photos/201408/0/2/original/523f60c009841f5793c96658fb340b50.jpg', NULL, '0', 1, 999, 0, '1', '1', '1', '0', 0.000, 225.60, 188.00, '', 0.00, 0.00, '0000-00-00 00:00:00', '0000-00-00 00:00:00', '0', 0, '0', 2, 0, 0, 0, 0, 999, 0, '0', 0, '', 1, 'admin', '2014-09-28 13:55:52', '0000-00-00 00:00:00', NULL, '', '0', '0', '1', 0, '2014-08-29 14:16:14', '2015-01-07 10:06:35'),
(20, 0, 0, 0, 0, 2, 0, 1, '0020', NULL, '0', '+', 'http://img.seevia.cn/img/photos/201408/0/2/original/d0d9acd8f061756e5b6cb5a31a686972.jpg', 'http://img.seevia.cn/img/photos/201408/0/2/detail/d0d9acd8f061756e5b6cb5a31a686972.jpg', 'http://img.seevia.cn/img/photos/201408/0/2/big/d0d9acd8f061756e5b6cb5a31a686972.jpg', 'http://img.seevia.cn/img/photos/201408/0/2/original/d0d9acd8f061756e5b6cb5a31a686972.jpg', NULL, '0', 1, 999, 0, '1', '1', '2', '0', 0.000, 267.59, 223.00, '', 0.00, 0.00, '0000-00-00 00:00:00', '0000-00-00 00:00:00', '0', 0, '0', 0, 0, 0, 0, 0, 999, 0, '0', 0, '', 2, 'yuanxiaoman', '2014-09-19 14:59:49', '0000-00-00 00:00:00', NULL, '', '0', '0', '1', 0, '2014-08-29 14:54:40', '2015-01-07 10:06:35'),
(21, 0, 2, 0, 0, 5, 0, 2, '000021', NULL, '0', '+', 'http://img.seevia.cn/img/photos/201409/0/2/original/48102ebdcc07f3a6c7d234c017ec09ed.jpg', 'http://img.seevia.cn/img/photos/201409/0/2/detail/48102ebdcc07f3a6c7d234c017ec09ed.jpg', 'http://img.seevia.cn/img/photos/201409/0/2/big/48102ebdcc07f3a6c7d234c017ec09ed.jpg', 'http://img.seevia.cn/img/photos/201409/0/2/original/48102ebdcc07f3a6c7d234c017ec09ed.jpg', NULL, '0', 1, 999, 0, '1', '1', '2', '0', 0.000, 118.80, 99.00, '', 0.00, 0.00, '0000-00-00 00:00:00', '0000-00-00 00:00:00', '0', 0, '0', 0, 0, 0, 2, 0, 99, 0, '0', 0, '', 2, 'yuanxiaoman', '2014-09-19 14:59:49', '0000-00-00 00:00:00', NULL, '', '0', '0', '1', 0, '2014-08-29 14:59:05', '2015-01-07 10:06:35'),
(24, 0, 0, 0, 0, 2, 0, 1, '000024', NULL, '0', '+', 'http://img.seevia.cn/img/photos/201408/0/2/original/d0d9acd8f061756e5b6cb5a31a686972.jpg', 'http://img.seevia.cn/img/photos/201408/0/2/detail/d0d9acd8f061756e5b6cb5a31a686972.jpg', 'http://img.seevia.cn/img/photos/201408/0/2/big/d0d9acd8f061756e5b6cb5a31a686972.jpg', 'http://img.seevia.cn/img/photos/201408/0/2/original/d0d9acd8f061756e5b6cb5a31a686972.jpg', NULL, '0', 1, 999, 0, '1', '0', '2', '0', 0.000, 267.59, 223.00, '', 0.00, 0.00, '0000-00-00 00:00:00', '0000-00-00 00:00:00', '0', 0, '0', 0, 0, 0, 0, 0, 999, 0, '0', 0, '', 2, 'yuanxiaoman', '2014-08-29 15:29:48', '0000-00-00 00:00:00', NULL, '', '0', '0', '1', 0, '2014-08-29 14:54:40', '2015-01-07 10:06:35'),
(26, 0, 2, 0, 0, 5, 0, 2, '000026', NULL, '0', '+', 'http://img.seevia.cn/img/photos/201409/0/2/original/48102ebdcc07f3a6c7d234c017ec09ed.jpg', 'http://img.seevia.cn/img/photos/201409/0/2/detail/48102ebdcc07f3a6c7d234c017ec09ed.jpg', 'http://img.seevia.cn/img/photos/201409/0/2/big/48102ebdcc07f3a6c7d234c017ec09ed.jpg', 'http://img.seevia.cn/img/photos/201409/0/2/original/48102ebdcc07f3a6c7d234c017ec09ed.jpg', NULL, '0', 1, 999, 0, '1', '1', '2', '0', 0.000, 118.80, 99.00, '', 0.00, 0.00, '0000-00-00 00:00:00', '0000-00-00 00:00:00', '0', 0, '0', 0, 0, 0, 2, 0, 99, 0, '0', 0, '', 2, 'yuanxiaoman', '2014-09-19 14:59:49', '2014-09-11 16:22:25', NULL, '', '0', '0', '1', 0, '2014-08-29 14:59:05', '2015-01-07 10:06:35'),
(27, 0, 2, 0, 0, 5, 0, 2, '0000271211', NULL, '0', '+', 'http://img.seevia.cn/img/photos/201409/0/2/original/48102ebdcc07f3a6c7d234c017ec09ed.jpg', 'http://img.seevia.cn/img/photos/201409/0/2/detail/48102ebdcc07f3a6c7d234c017ec09ed.jpg', 'http://img.seevia.cn/img/photos/201409/0/2/big/48102ebdcc07f3a6c7d234c017ec09ed.jpg', 'http://img.seevia.cn/img/photos/201409/0/2/original/48102ebdcc07f3a6c7d234c017ec09ed.jpg', NULL, '0', 1, 999, 0, '1', '1', '2', '0', 0.000, 118.80, 99.00, '', 0.00, 0.00, '0000-00-00 00:00:00', '0000-00-00 00:00:00', '0', 0, '0', 0, 0, 0, 2, 0, 99, 0, '0', 0, '', 2, 'yuanxiaoman', '2014-09-19 14:59:49', '2014-09-11 16:22:24', NULL, '', '0', '0', '1', 0, '2014-08-29 14:59:05', '2015-01-07 10:06:35');

--
-- 转存表中的数据 `svoms_product_i18ns`
--

INSERT INTO `svoms_product_i18ns` (`id`, `locale`, `product_id`, `name`, `style_name`, `description`, `description02`, `seller_note`, `delivery_note`, `market_price`, `shop_price`, `meta_keywords`, `meta_description`, `api_site_url`, `api_cart_url`, `created`, `modified`) VALUES
(1, 'chi', 1, '2014秋季新款童装女童秋装大童儿童卫衣裙套装两件套衣服韩版潮', NULL, '<p>\r\n	<img alt="" src="http://img.seevia.cn/img/photos/201409/0/2/original/a7d5cd389b46596f5b3fdddc69eb30ab.jpg" /></p>\r\n<p>\r\n	<img alt="" src="http://img.seevia.cn/img/photos/201409/0/2/original/e1947df92316ae4e631bc09ec86cda30.jpg" /></p>\r\n<p>\r\n	<img alt="" src="http://img.seevia.cn/img/photos/201409/0/2/original/1a62b866e0e1c8a4cadc4a6f0a204328.jpg" /></p>\r\n<p>\r\n	<img alt="" src="http://img.seevia.cn/img/photos/201409/0/2/original/7bfaf28e8e2f139ef730147830333dbc.jpg" /></p>\r\n', NULL, '', '', 0.00, 0.00, '', '111', '', '', '2014-06-30 10:27:00', '2014-09-28 13:59:10'),
(2, 'eng', 1, 'children''s garments', NULL, '', NULL, '', '', 0.00, 0.00, '', '222', '', '', '2014-06-30 10:27:00', '2014-09-28 13:59:10'),
(3, 'chi', 2, '秋季新款童装女童秋装大童儿童卫衣裙套装衣服韩版潮', NULL, '<p>\r\n	<img alt="" src="http://img.seevia.cn/img/photos/201409/0/2/original/a7d5cd389b46596f5b3fdddc69eb30ab.jpg" /></p>\r\n<p>\r\n	<img alt="" src="http://img.seevia.cn/img/photos/201409/0/2/original/e1947df92316ae4e631bc09ec86cda30.jpg" /></p>\r\n<p>\r\n	<img alt="" src="http://img.seevia.cn/img/photos/201409/0/2/original/1a62b866e0e1c8a4cadc4a6f0a204328.jpg" /></p>\r\n<p>\r\n	<img alt="" src="http://img.seevia.cn/img/photos/201409/0/2/original/7bfaf28e8e2f139ef730147830333dbc.jpg" /></p>\r\n', NULL, '', '', 0.00, 0.00, '', '', '', '', '2014-08-21 09:18:46', '2014-09-28 13:59:00'),
(4, 'eng', 2, 'children''s garments', NULL, '', NULL, '', '', 0.00, 0.00, '', '', '', '', '2014-08-21 09:18:46', '2014-09-28 13:59:00'),
(5, 'chi', 3, '新款童装女童秋装儿童卫衣裙套装两件套衣服韩版潮', NULL, '<p>\r\n	<img alt="" src="http://img.seevia.cn/img/photos/201409/0/2/original/a7d5cd389b46596f5b3fdddc69eb30ab.jpg" /></p>\r\n<p>\r\n	<img alt="" src="http://img.seevia.cn/img/photos/201409/0/2/original/e1947df92316ae4e631bc09ec86cda30.jpg" /></p>\r\n<p>\r\n	<img alt="" src="http://img.seevia.cn/img/photos/201409/0/2/original/1a62b866e0e1c8a4cadc4a6f0a204328.jpg" /></p>\r\n<p>\r\n	<img alt="" src="http://img.seevia.cn/img/photos/201409/0/2/original/7bfaf28e8e2f139ef730147830333dbc.jpg" /></p>\r\n', NULL, '', '', 0.00, 0.00, '', '', '', '', '2014-08-21 09:18:46', '2014-09-28 13:58:46'),
(6, 'eng', 3, 'children''s garments', NULL, '', NULL, '', '', 0.00, 0.00, '', '', '', '', '2014-08-21 09:18:46', '2014-09-28 13:58:46'),
(7, 'chi', 4, '爱屋格林Evergreen创意欧式酒架树脂酒具红酒架万圣节靴子造型', NULL, '<p>\r\n	<img alt="" src="http://img.seevia.cn/img/photos/201409/0/2/original/32c7d656676aaf960913127793e83644.jpg" /></p>\r\n<p>\r\n	<img alt="" src="http://img.seevia.cn/img/photos/201409/0/2/original/0e54c56aa0e19b7a0ee58bc4083cdb3c.jpg" style="width: 749px; height: 433px;" /></p>\r\n<p>\r\n	<img alt="" src="http://img.seevia.cn/img/photos/201409/0/2/original/dd7d45e816d3c2cf5581531bddf0e8a6.jpg" style="width: 750px; height: 604px;" /></p>\r\n<p>\r\n	<img alt="" src="http://img.seevia.cn/img/photos/201409/0/2/original/02e0b2c48901b6f97c23ea2f128e240f.jpg" /></p>\r\n', NULL, '', '', 0.00, 0.00, '', '111', '', '', '2014-06-30 10:27:00', '2014-09-28 13:58:29'),
(8, 'eng', 4, 'children''s garments', NULL, '', NULL, '', '', 0.00, 0.00, '', '222', '', '', '2014-06-30 10:27:00', '2014-09-28 13:58:29'),
(9, 'chi', 5, '新款童装女童秋装儿童卫衣裙套装两件套衣服韩版潮', NULL, '<p>\r\n	<img alt="" src="http://img.seevia.cn/img/photos/201409/0/2/original/a7d5cd389b46596f5b3fdddc69eb30ab.jpg" /></p>\r\n<p>\r\n	<img alt="" src="http://img.seevia.cn/img/photos/201409/0/2/original/e1947df92316ae4e631bc09ec86cda30.jpg" /></p>\r\n<p>\r\n	<img alt="" src="http://img.seevia.cn/img/photos/201409/0/2/original/1a62b866e0e1c8a4cadc4a6f0a204328.jpg" /></p>\r\n<p>\r\n	<img alt="" src="http://img.seevia.cn/img/photos/201409/0/2/original/7bfaf28e8e2f139ef730147830333dbc.jpg" /></p>\r\n', NULL, '', '', 0.00, 0.00, '', '111', '', '', '2014-06-30 10:27:00', '2014-09-28 13:58:20'),
(10, 'eng', 5, 'children''s garments', NULL, '', NULL, '', '', 0.00, 0.00, '', '222', '', '', '2014-06-30 10:27:00', '2014-09-28 13:58:20'),
(11, 'chi', 6, 'FLASH NAND MLC 1Tb 3.3V 152-BALL TPBGA', NULL, '<p>\r\n	<img alt="" src="http://img.seevia.cn/img/photos/201409/0/2/original/a7d5cd389b46596f5b3fdddc69eb30ab.jpg" /></p>\r\n<p>\r\n	<img alt="" src="http://img.seevia.cn/img/photos/201409/0/2/original/e1947df92316ae4e631bc09ec86cda30.jpg" /></p>\r\n<p>\r\n	<img alt="" src="http://img.seevia.cn/img/photos/201409/0/2/original/1a62b866e0e1c8a4cadc4a6f0a204328.jpg" /></p>\r\n<p>\r\n	<img alt="" src="http://img.seevia.cn/img/photos/201409/0/2/original/7bfaf28e8e2f139ef730147830333dbc.jpg" /></p>\r\n', NULL, '', '', 0.00, 0.00, '', '111', '', '', '2014-06-30 10:27:00', '2014-09-28 13:58:02'),
(12, 'eng', 6, 'dress for child', NULL, '', NULL, '', '', 0.00, 0.00, '', '222', '', '', '2014-06-30 10:27:00', '2014-09-28 13:58:02'),
(13, 'chi', 7, '蓬松连身裙', NULL, '<p>\r\n	<img alt="" src="http://img.seevia.cn/img/photos/201409/0/2/original/a7d5cd389b46596f5b3fdddc69eb30ab.jpg" /></p>\r\n<p>\r\n	<img alt="" src="http://img.seevia.cn/img/photos/201409/0/2/original/e1947df92316ae4e631bc09ec86cda30.jpg" /></p>\r\n<p>\r\n	<img alt="" src="http://img.seevia.cn/img/photos/201409/0/2/original/1a62b866e0e1c8a4cadc4a6f0a204328.jpg" /></p>\r\n<p>\r\n	<img alt="" src="http://img.seevia.cn/img/photos/201409/0/2/original/7bfaf28e8e2f139ef730147830333dbc.jpg" /></p>\r\n', NULL, '', '', 0.00, 0.00, '', '', '', '', '2014-08-21 09:18:46', '2014-09-28 13:57:52'),
(14, 'eng', 7, 'dress for child', NULL, '', NULL, '', '', 0.00, 0.00, '', '', '', '', '2014-08-21 09:18:46', '2014-09-28 13:57:52'),
(15, 'chi', 8, 'FLASH NAND MLC 1Tb 3.3V 152-BALL TPBGA', NULL, '<p>\r\n	<img alt="" src="http://img.seevia.cn/img/photos/201409/0/2/original/a7d5cd389b46596f5b3fdddc69eb30ab.jpg" /></p>\r\n<p>\r\n	<img alt="" src="http://img.seevia.cn/img/photos/201409/0/2/original/e1947df92316ae4e631bc09ec86cda30.jpg" /></p>\r\n<p>\r\n	<img alt="" src="http://img.seevia.cn/img/photos/201409/0/2/original/1a62b866e0e1c8a4cadc4a6f0a204328.jpg" /></p>\r\n<p>\r\n	<img alt="" src="http://img.seevia.cn/img/photos/201409/0/2/original/7bfaf28e8e2f139ef730147830333dbc.jpg" /></p>\r\n', NULL, '', '', 0.00, 0.00, '', '111', '', '', '2014-06-30 10:27:00', '2014-09-28 13:57:38'),
(16, 'eng', 8, 'dress for child', NULL, '', NULL, '', '', 0.00, 0.00, '', '222', '', '', '2014-06-30 10:27:00', '2014-09-28 13:57:38'),
(19, 'chi', 10, '套装商品连衣裙女童上装', NULL, '<p>\r\n	<img alt="" src="http://img.seevia.cn/img/photos/201409/0/2/original/a7d5cd389b46596f5b3fdddc69eb30ab.jpg" /></p>\r\n<p>\r\n	<img alt="" src="http://img.seevia.cn/img/photos/201409/0/2/original/e1947df92316ae4e631bc09ec86cda30.jpg" /></p>\r\n<p>\r\n	<img alt="" src="http://img.seevia.cn/img/photos/201409/0/2/original/1a62b866e0e1c8a4cadc4a6f0a204328.jpg" /></p>\r\n<p>\r\n	<img alt="" src="http://img.seevia.cn/img/photos/201409/0/2/original/7bfaf28e8e2f139ef730147830333dbc.jpg" /></p>\r\n', NULL, '', '', 0.00, 0.00, '', '', '', '', '2014-08-22 14:15:01', '2014-09-28 13:57:07'),
(20, 'eng', 10, 'children''s clothing', NULL, '', NULL, '', '', 0.00, 0.00, '', '', '', '', '2014-08-22 14:15:01', '2014-09-28 13:57:07'),
(37, 'chi', 17, '王璐男装', NULL, '<p>\r\n	<img alt="" src="http://img.seevia.cn/img/photos/201409/0/2/original/a7d5cd389b46596f5b3fdddc69eb30ab.jpg" /></p>\r\n<p>\r\n	<img alt="" src="http://img.seevia.cn/img/photos/201409/0/2/original/e1947df92316ae4e631bc09ec86cda30.jpg" /></p>\r\n<p>\r\n	<img alt="" src="http://img.seevia.cn/img/photos/201409/0/2/original/1a62b866e0e1c8a4cadc4a6f0a204328.jpg" /></p>\r\n<p>\r\n	<img alt="" src="http://img.seevia.cn/img/photos/201409/0/2/original/7bfaf28e8e2f139ef730147830333dbc.jpg" /></p>\r\n', NULL, '', '', 0.00, 0.00, '', '', '', '', '2014-08-29 13:57:56', '2014-09-28 15:06:44'),
(25, 'chi', 13, '套装商品超值特惠', NULL, '<p>\r\n	<img alt="" src="http://img.seevia.cn/img/photos/201409/0/2/original/a7d5cd389b46596f5b3fdddc69eb30ab.jpg" /></p>\r\n<p>\r\n	<img alt="" src="http://img.seevia.cn/img/photos/201409/0/2/original/e1947df92316ae4e631bc09ec86cda30.jpg" /></p>\r\n<p>\r\n	<img alt="" src="http://img.seevia.cn/img/photos/201409/0/2/original/1a62b866e0e1c8a4cadc4a6f0a204328.jpg" /></p>\r\n<p>\r\n	<img alt="" src="http://img.seevia.cn/img/photos/201409/0/2/original/7bfaf28e8e2f139ef730147830333dbc.jpg" /></p>\r\n', NULL, '', '', 0.00, 0.00, '', '', '', '', '2014-08-22 14:27:41', '2014-09-28 13:56:57'),
(26, 'eng', 13, 'children''s clothing', NULL, '', NULL, '', '', 0.00, 0.00, '', '', '', '', '2014-08-22 14:27:41', '2014-09-28 13:56:57'),
(27, 'chi', 14, '销售属性商品特惠', NULL, '<p>\r\n	<img alt="" src="http://img.seevia.cn/img/photos/201409/0/2/original/a7d5cd389b46596f5b3fdddc69eb30ab.jpg" /></p>\r\n<p>\r\n	<img alt="" src="http://img.seevia.cn/img/photos/201409/0/2/original/e1947df92316ae4e631bc09ec86cda30.jpg" /></p>\r\n<p>\r\n	<img alt="" src="http://img.seevia.cn/img/photos/201409/0/2/original/1a62b866e0e1c8a4cadc4a6f0a204328.jpg" /></p>\r\n<p>\r\n	<img alt="" src="http://img.seevia.cn/img/photos/201409/0/2/original/7bfaf28e8e2f139ef730147830333dbc.jpg" /></p>\r\n', NULL, '', '', 0.00, 0.00, '', '', '', '', '2014-08-22 14:29:07', '2014-09-28 13:56:47'),
(28, 'eng', 14, 'children''s clothing', NULL, '', NULL, '', '', 0.00, 0.00, '', '', '', '', '2014-08-22 14:29:07', '2014-09-28 13:56:47'),
(31, 'chi', 15, 'evergreen爱屋格林红酒架', NULL, '', NULL, '', '', 0.00, 0.00, '', '', '', '', '2014-08-28 13:06:59', '2014-09-28 13:56:37'),
(32, 'eng', 15, 'children''s clothing', NULL, '', NULL, '', '', 0.00, 0.00, '', '', '', '', '2014-08-28 13:06:59', '2014-09-28 13:56:37'),
(33, 'chi', 16, '童装女童韩版连衣裙', NULL, '<p>\r\n	<img alt="" src="http://img.seevia.cn/img/photos/201409/0/2/original/a7d5cd389b46596f5b3fdddc69eb30ab.jpg" /></p>\r\n<p>\r\n	<img alt="" src="http://img.seevia.cn/img/photos/201409/0/2/original/e1947df92316ae4e631bc09ec86cda30.jpg" /></p>\r\n<p>\r\n	<img alt="" src="http://img.seevia.cn/img/photos/201409/0/2/original/1a62b866e0e1c8a4cadc4a6f0a204328.jpg" /></p>\r\n<p>\r\n	<img alt="" src="http://img.seevia.cn/img/photos/201409/0/2/original/7bfaf28e8e2f139ef730147830333dbc.jpg" /></p>\r\n', NULL, '', '', 0.00, 0.00, '', '', '', '', '2014-08-28 13:06:59', '2014-09-28 13:56:23'),
(34, 'eng', 16, 'Children''s wear', NULL, '', NULL, '', '', 0.00, 0.00, '', '', '', '', '2014-08-28 13:06:59', '2014-09-28 13:56:23'),
(60, 'eng', 9, 'children''s clothing ', NULL, '', NULL, '', '', 0.00, 0.00, '', '', '', '', '2014-08-22 14:29:07', '2014-09-28 13:57:27'),
(38, 'eng', 17, 'Home Furnishing sale', NULL, '<br />\r\n', NULL, '', '', 0.00, 0.00, '', '', '', '', '2014-08-29 13:57:56', '2014-09-28 15:06:44'),
(39, 'chi', 18, '王璐女装', NULL, '', NULL, '', '', 0.00, 0.00, '', '', '', '', '2014-08-29 13:58:40', '2014-09-28 13:56:01'),
(40, 'eng', 18, 'Children''s wear', NULL, '', NULL, '', '', 0.00, 0.00, '', '', '', '', '2014-08-29 13:58:40', '2014-09-28 13:56:01'),
(41, 'chi', 19, '2014秋季新款童装女童秋装大童儿童卫衣裙套装两件套衣服韩版潮', NULL, '<p>\r\n	<img alt="" src="http://img.seevia.cn/img/photos/201409/0/2/original/a7d5cd389b46596f5b3fdddc69eb30ab.jpg" /></p>\r\n<p>\r\n	<img alt="" src="http://img.seevia.cn/img/photos/201409/0/2/original/e1947df92316ae4e631bc09ec86cda30.jpg" /></p>\r\n<p>\r\n	<img alt="" src="http://img.seevia.cn/img/photos/201409/0/2/original/1a62b866e0e1c8a4cadc4a6f0a204328.jpg" /></p>\r\n<p>\r\n	<img alt="" src="http://img.seevia.cn/img/photos/201409/0/2/original/7bfaf28e8e2f139ef730147830333dbc.jpg" /></p>\r\n', NULL, '', '', 0.00, 0.00, '', '', '', '', '2014-08-29 14:16:14', '2014-09-28 13:55:52'),
(42, 'eng', 19, 'Children''s wear', NULL, '', NULL, '', '', 0.00, 0.00, '', '', '', '', '2014-08-29 14:16:14', '2014-09-28 13:55:52'),
(43, 'chi', 20, '紫砂壶', NULL, '<p>\r\n	<img alt="" src="http://img.seevia.cn/img/photos/201409/0/2/original/a7d5cd389b46596f5b3fdddc69eb30ab.jpg" /></p>\r\n<p>\r\n	<img alt="" src="http://img.seevia.cn/img/photos/201409/0/2/original/e1947df92316ae4e631bc09ec86cda30.jpg" /></p>\r\n<p>\r\n	<img alt="" src="http://img.seevia.cn/img/photos/201409/0/2/original/1a62b866e0e1c8a4cadc4a6f0a204328.jpg" /></p>\r\n<p>\r\n	<img alt="" src="http://img.seevia.cn/img/photos/201409/0/2/original/7bfaf28e8e2f139ef730147830333dbc.jpg" /></p>\r\n', NULL, '', '', 0.00, 0.00, '', '', '', '', '2014-08-29 14:54:40', '2014-09-12 09:21:01'),
(44, 'eng', 20, '紫砂壶', NULL, '', NULL, '', '', 0.00, 0.00, '', '', '', '', '2014-08-29 14:54:40', '2014-09-12 09:21:01'),
(45, 'chi', 21, '爱屋格林Evergreen创意欧式酒架树脂酒具红酒架葡萄酒架小狗造型', NULL, '<p>\r\n	<img alt="" src="http://img.seevia.cn/img/photos/201409/0/2/original/f636a81a6d6a5883d4feb69ebdf94b4d.jpg" /></p>\r\n<p>\r\n	<img alt="" src="http://img.seevia.cn/img/photos/201409/0/2/original/df29afceaf58af9f1671fabccf92df39.jpg" /></p>\r\n<p>\r\n	&nbsp;</p>\r\n<p>\r\n	<img alt="" src="http://img.seevia.cn/img/photos/201409/0/2/original/02e0b2c48901b6f97c23ea2f128e240f.jpg" style="width: 739px; height: 657px;" /></p>', NULL, '', '', 0.00, 0.00, '', '', '', '', '2014-08-29 14:59:05', '2014-09-11 15:55:06'),
(46, 'eng', 21, '爱屋格林Evergreen创意欧式酒架树脂酒具红酒架葡萄酒架小狗造型', NULL, '', NULL, '', '', 0.00, 0.00, '', '', '', '', '2014-08-29 14:59:05', '2014-09-11 15:55:06'),
(51, 'chi', 24, '紫砂壶', NULL, '', NULL, '', '', 0.00, 0.00, '', '', '', '', '2014-08-29 14:54:40', '2014-08-29 14:57:24'),
(52, 'eng', 24, '紫砂壶', NULL, '', NULL, '', '', 0.00, 0.00, '', '', '', '', '2014-08-29 14:54:40', '2014-08-29 14:57:24'),
(53, 'chi', 26, '爱屋格林Evergreen创意欧式酒架树脂酒具红酒架葡萄酒架小狗造型', NULL, '<p>\r\n	<img alt="" src="http://img.seevia.cn/img/photos/201409/0/2/original/f636a81a6d6a5883d4feb69ebdf94b4d.jpg" /></p>\r\n<p>\r\n	<img alt="" src="http://img.seevia.cn/img/photos/201409/0/2/original/df29afceaf58af9f1671fabccf92df39.jpg" /></p>\r\n<p>\r\n	&nbsp;</p>\r\n<p>\r\n	<img alt="" src="http://img.seevia.cn/img/photos/201409/0/2/original/02e0b2c48901b6f97c23ea2f128e240f.jpg" style="width: 739px; height: 657px;" /></p>', NULL, '', '', 0.00, 0.00, '', '', '', '', '2014-08-29 14:59:05', '2014-09-11 15:55:06'),
(54, 'eng', 26, '爱屋格林Evergreen创意欧式酒架树脂酒具红酒架葡萄酒架小狗造型', NULL, '', NULL, '', '', 0.00, 0.00, '', '', '', '', '2014-08-29 14:59:05', '2014-09-11 15:55:06'),
(55, 'chi', 27, '爱屋格林Evergreen创意欧式酒架树脂酒具红酒架葡萄酒架小狗造型', NULL, '<p>\r\n	<img alt="" src="http://img.seevia.cn/img/photos/201409/0/2/original/f636a81a6d6a5883d4feb69ebdf94b4d.jpg" /></p>\r\n<p>\r\n	<img alt="" src="http://img.seevia.cn/img/photos/201409/0/2/original/df29afceaf58af9f1671fabccf92df39.jpg" /></p>\r\n<p>\r\n	&nbsp;</p>\r\n<p>\r\n	<img alt="" src="http://img.seevia.cn/img/photos/201409/0/2/original/02e0b2c48901b6f97c23ea2f128e240f.jpg" style="height: 657px; width: 739px" /></p>\r\n', NULL, '', '', 0.00, 0.00, '', '', '', '', '2014-08-29 14:59:05', '2014-09-12 09:22:03'),
(56, 'eng', 27, '爱屋格林Evergreen创意欧式酒架树脂酒具红酒架葡萄酒架小狗造型', NULL, '', NULL, '', '', 0.00, 0.00, '', '', '', '', '2014-08-29 14:59:05', '2014-09-12 09:22:03'),
(59, 'chi', 9, '销售属性商品特惠 红 170cm', NULL, '<p>\r\n	<img alt="" src="http://img.seevia.cn/img/photos/201409/0/2/original/a7d5cd389b46596f5b3fdddc69eb30ab.jpg" /></p>\r\n<p>\r\n	<img alt="" src="http://img.seevia.cn/img/photos/201409/0/2/original/e1947df92316ae4e631bc09ec86cda30.jpg" /></p>\r\n<p>\r\n	<img alt="" src="http://img.seevia.cn/img/photos/201409/0/2/original/1a62b866e0e1c8a4cadc4a6f0a204328.jpg" /></p>\r\n<p>\r\n	<img alt="" src="http://img.seevia.cn/img/photos/201409/0/2/original/7bfaf28e8e2f139ef730147830333dbc.jpg" /></p>\r\n', NULL, '', '', 0.00, 0.00, '', '', '', '', '2014-08-22 14:29:07', '2014-09-28 13:57:27');

UPDATE `svoms_products` SET `like_stat` = '0';

--
-- 转存表中的数据 `svoms_category_products`
--

INSERT INTO `svoms_category_products` (`id`, `parent_id`, `type`, `sub_type`, `show_info`, `orderby`, `status`, `code`, `template`, `layout`, `new_show`, `home_show`, `home_cat_orderby`, `home_show_num`, `home_show_order`, `link`, `img01`, `img01_link`, `img02`, `img02_link`, `created`, `modified`) VALUES
(2, 0, 'P', 'G', 'new_arrival;recommend', 50, '1', '', '', '', '0', '0', NULL, 0, 'new_arrival', '', '', NULL, '', NULL, '2014-06-30 10:26:56', '2014-09-28 13:59:52'),
(3, 0, 'P', 'G', 'new_arrival;recommend;selling;sub_categories_product', 50, '1', '', '', '', '0', '0', NULL, 0, 'new_arrival', '', '', NULL, '', NULL, '2014-08-21 09:16:10', '2014-09-28 14:00:40'),
(4, 0, 'P', 'G', '', 51, '1', '', '', '', '1', '0', NULL, 0, 'new_arrival', '', '', NULL, '', NULL, '2014-08-21 16:56:36', '2014-08-21 16:56:36'),
(5, 0, 'P', 'G', '', 52, '1', '', '', '', '1', '0', NULL, 0, 'new_arrival', '', '', NULL, '', NULL, '2014-08-28 13:59:39', '2014-09-28 14:02:20'),
(7, 3, 'P', 'G', '', 50, '1', '', '', '', '1', '0', NULL, 0, 'new_arrival', '', '', NULL, '', NULL, '2014-08-29 13:56:29', '2014-09-28 14:01:15'),
(8, 3, 'P', 'G', '', 51, '1', '', '', '', '1', '0', NULL, 0, 'new_arrival', '', '', NULL, '', NULL, '2014-08-29 13:57:02', '2014-09-28 14:01:31'),
(9, 0, 'P', 'G', '', 50, '1', '', '', '', '0', '0', NULL, 0, 'new_arrival', '', '', NULL, '', NULL, '2014-08-29 15:31:03', '2014-09-28 14:01:57');


--
-- 转存表中的数据 `svoms_category_product_i18ns`
--

INSERT INTO `svoms_category_product_i18ns` (`id`, `locale`, `category_id`, `name`, `home_show_keywords`, `meta_keywords`, `meta_description`, `detail`, `top_detail`, `foot_detail`, `created`, `modified`) VALUES
(7, 'chi', 4, 'HOMIX', '', '', '', '', '', '', '2014-08-21 16:56:36', '2014-08-21 16:56:36'),
(8, 'eng', 4, 'HOMIX', '', '', '', '', '', '', '2014-08-21 16:56:36', '2014-08-21 16:56:36'),
(27, 'chi', 2, '生活家居', '', '', '', '', '', '', '2014-09-28 13:59:52', '2014-09-28 13:59:52'),
(28, 'eng', 2, ' Love Home', '', '', '', '', '', '', '2014-09-28 13:59:52', '2014-09-28 13:59:52'),
(29, 'chi', 3, '馨颂', '', '', '', '', '', '', '2014-09-28 14:00:40', '2014-09-28 14:00:40'),
(30, 'eng', 3, 'XinSong', '', '', '', '', '', '', '2014-09-28 14:00:40', '2014-09-28 14:00:40'),
(31, 'chi', 7, '男装', '', '', '', '', '', '', '2014-09-28 14:01:15', '2014-09-28 14:01:15'),
(32, 'eng', 7, 'men''s clothing', '', '', '', '', '', '', '2014-09-28 14:01:15', '2014-09-28 14:01:15'),
(33, 'chi', 8, '女装', '', '', '', '', '', '', '2014-09-28 14:01:32', '2014-09-28 14:01:32'),
(34, 'eng', 8, 'Women''s clothing', '', '', '', '', '', '', '2014-09-28 14:01:32', '2014-09-28 14:01:32'),
(35, 'chi', 9, '裤子', '', '', '', '', '', '', '2014-09-28 14:01:57', '2014-09-28 14:01:57'),
(36, 'eng', 9, 'trousers', '', '', '', '', '', '', '2014-09-28 14:01:57', '2014-09-28 14:01:57'),
(37, 'chi', 5, '爱屋格林', '', '', '', '', '', '', '2014-09-28 14:02:20', '2014-09-28 14:02:20'),
(38, 'eng', 5, 'Evergreen', '', '', '', '', '', '', '2014-09-28 14:02:20', '2014-09-28 14:02:20');



--
-- 转存表中的数据 `svcms_flashes`
--

INSERT INTO `svcms_flashes` (`id`, `page`, `page_id`, `type`, `roundcorner`, `autoplaytime`, `isheightquality`, `blendmode`, `transduration`, `windowopen`, `btnsetmargin`, `btndistance`, `titlebgcolor`, `titletextcolor`, `titlebgalpha`, `titlemoveduration`, `btnalpha`, `btntextcolor`, `btndefaultcolor`, `btnhovercolor`, `btnfocuscolor`, `changimagemode`, `isshowbtn`, `isshowtitle`, `scalemode`, `transform`, `isshowabout`, `titlefont`, `height`, `width`, `created`, `modified`) VALUES
(1, 'H', 0, '0', '9', '8', 'false', 'normal', '1', '_self', 'auto 5 5 auto', '20', '0xff6600', '0xffffff', '.75', '1', '.7', '0xffffff', '0x1B3433', '#41b73d', '#41b73d', 'click', 'true', 'true', 'noBorder', 'blur', 'true', '微软雅黑', 314, 741, '2014-08-21 17:07:54', '2014-08-21 17:07:54'),
(2, 'B', 2, '0', '9', '8', 'false', 'normal', '1', '_self', 'auto 5 5 auto', '20', '0xff6600', '0xffffff', '.75', '1', '.7', '0xffffff', '0x1B3433', '#41b73d', '#41b73d', 'click', 'true', 'true', 'noBorder', 'blur', 'true', '微软雅黑', 314, 741, '2014-08-29 14:14:41', '2014-08-29 14:14:41');


--
-- 转存表中的数据 `svcms_flash_images`
--

INSERT INTO `svcms_flash_images` (`id`, `locale`, `flash_id`, `orderby`, `image`, `title`, `description`, `url`, `status`, `created`, `modified`) VALUES
(1, 'chi', 1, 50, 'http://img.seevia.cn/img/photos/201408/0/2/original/128f6573a12f1dfaa7eee84b548ec1ff.jpg', '童装', '', 'http://www.baidu.com', '0', '2014-08-21 17:07:54', '2014-09-17 13:21:52'),
(2, 'chi', 1, 50, 'http://img.seevia.cn/img/photos/201408/0/2/original/ef22242941c2f0895a41ed8856ce8ca7.jpg', '', '', '/categories/3', '1', '2014-08-21 17:08:36', '2014-08-21 17:08:36'),
(3, 'chi', 1, 50, 'http://img.seevia.cn/img/photos/201408/0/2/original/0c4df5026a38496b0a1a55d684b47e53.jpg', '', '', '/categories/4', '1', '2014-08-21 17:08:48', '2014-08-21 17:09:44'),
(4, 'chi', 1, 50, 'http://img.seevia.cn/img/photos/201408/0/2/original/805efbabe891462f6fc5ca72fe0c471c.jpg', '', '', '', '1', '2014-08-21 17:08:57', '2014-08-21 17:08:57'),
(5, 'chi', 1, 50, 'http://img.seevia.cn/img/photos/201408/0/2/original/d0d9acd8f061756e5b6cb5a31a686972.jpg', '', '', '', '0', '2014-08-21 17:09:05', '2014-09-17 13:21:28'),
(7, 'chi', 2, 50, 'http://img.seevia.cn/img/photos/201408/0/2/original/ef22242941c2f0895a41ed8856ce8ca7.jpg', '好轮班', '', '', '1', '2014-08-29 14:14:41', '2014-08-29 14:14:41');


--
-- 转存表中的数据 `svcms_category_articles`
--

INSERT INTO `svcms_category_articles` (`id`, `parent_id`, `type`, `sub_type`, `orderby`, `status`, `code`, `template`, `layout`, `new_show`, `home_show`, `home_cat_orderby`, `home_show_num`, `home_show_order`, `link`, `img01`, `img01_link`, `img02`, `img02_link`, `created`, `modified`) VALUES
(1, 0, 'P', 'H', 50, '1', '', '', '', '1', '0', NULL, NULL, 'new_arrival', '', '', NULL, '', NULL, '2014-06-30 10:19:52', '2014-09-28 14:08:45'),
(2, 1, 'P', 'H', 50, '1', '', '', '', '1', '0', NULL, NULL, 'new_arrival', '', '', NULL, '', NULL, '2014-06-30 10:20:04', '2014-09-28 14:09:24'),
(3, 1, 'P', 'H', 50, '1', '', '', '', '1', '0', NULL, NULL, 'new_arrival', '', '', NULL, '', NULL, '2014-06-30 10:20:18', '2014-09-28 14:09:59'),
(4, 0, 'P', 'H', 50, '1', '', '', '', '1', '0', NULL, NULL, 'new_arrival', '', '', NULL, '', NULL, '2014-08-29 14:38:47', '2014-09-28 14:10:14'),
(5, 0, 'P', 'G', 50, '1', '', '', '', '1', '0', NULL, NULL, 'new_arrival', '', '', NULL, '', NULL, '2014-08-29 14:39:16', '2014-09-28 14:10:42');


--
-- 转存表中的数据 `svcms_category_article_i18ns`
--

INSERT INTO `svcms_category_article_i18ns` (`id`, `locale`, `category_id`, `name`, `home_show_keywords`, `meta_keywords`, `meta_description`, `detail`, `top_detail`, `foot_detail`, `created`, `modified`) VALUES
(19, 'chi', 1, '配送', NULL, '', '', '', '', '', '2014-09-28 14:08:45', '2014-09-28 14:08:45'),
(20, 'eng', 1, 'Dispatching', NULL, '', '', '', '', '', '2014-09-28 14:08:45', '2014-09-28 14:08:45'),
(21, 'chi', 2, '支付', NULL, '', '', '', '', '', '2014-09-28 14:09:24', '2014-09-28 14:09:24'),
(22, 'eng', 2, 'Pay', NULL, '', '', '', '', '', '2014-09-28 14:09:24', '2014-09-28 14:09:24'),
(23, 'chi', 3, '物流', NULL, '', '', '', '', '', '2014-09-28 14:09:59', '2014-09-28 14:09:59'),
(24, 'eng', 3, 'Wuliu', NULL, '', '', '', '', '', '2014-09-28 14:09:59', '2014-09-28 14:09:59'),
(25, 'chi', 4, '新闻信息', NULL, '', '', '', '', '', '2014-09-28 14:10:14', '2014-09-28 14:10:14'),
(26, 'eng', 4, 'New', NULL, '', '', '', '', '', '2014-09-28 14:10:14', '2014-09-28 14:10:14'),
(27, 'chi', 5, '优惠促销', NULL, '', '', '', '', '', '2014-09-28 14:10:42', '2014-09-28 14:10:42'),
(28, 'eng', 5, 'Preferential Promotion', NULL, '', '', '', '', '', '2014-09-28 14:10:42', '2014-09-28 14:10:42');


--
-- 转存表中的数据 `svcms_articles`
--

INSERT INTO `svcms_articles` (`id`, `store_id`, `category_id`, `upload_file_id`, `upload_video`, `author_email`, `type`, `file_url`, `file`, `video`, `video_competence`, `orderby`, `status`, `front`, `importance`, `recommand`, `comment`, `displayed_title`, `displayed_add_time`, `clicked`, `template`, `layout`, `operator_id`, `created`, `modified`, `showtime`) VALUES
(10, 0, 4, NULL, '', '', 'H', '', '', '', '', 50, '1', '1', '0', '1', '0', '1', '1', 15, '', '', 1, '2014-08-21 16:27:56', '2014-09-28 14:08:02', '2014-08-21 16:27:56');


--
-- 转存表中的数据 `svcms_article_i18ns`
--

INSERT INTO `svcms_article_i18ns` (`id`, `locale`, `article_id`, `title`, `subtitle`, `meta_keywords`, `meta_description`, `content`, `content2`, `author`, `img01`, `img02`, `created`, `modified`) VALUES
(50, 'eng', 10, 'About us', 'About us', '', '', '<p>\r\n	<span style="color: rgb(51, 51, 51); font-family: arial; font-size: 24px; line-height: 37px;">About us</span></p>\r\n<p>\r\n	<span style="color: rgb(51, 51, 51); font-family: arial; font-size: 24px; line-height: 37px;">About us</span></p>\r\n<p>\r\n	<span style="color: rgb(51, 51, 51); font-family: arial; font-size: 24px; line-height: 37px;">About us</span></p>\r\n<p>\r\n	<span style="color: rgb(51, 51, 51); font-family: arial; font-size: 24px; line-height: 37px;">About us</span></p>\r\n', NULL, '', '', '', '2014-09-28 14:08:02', '2014-09-28 14:08:02'),
(49, 'chi', 10, '关于我们', '关于我们', '', '', '<p>\r\n	&nbsp;</p>\r\n<p style="text-indent:27pt;">\r\n	<span style="font-size:12pt;font-family:宋体;color:#333333;">上海实玮网络科技有限公司</span><span style="font-size:12pt;">(<a href="http://www.seevia.cn">www.seevia.cn</a>)</span><span style="font-size:12pt;font-family:宋体;color:#444444;">，国内领先的电子商务应用系统提供商、域名和网站托管服务提供商。提供专业的</span><span style="font-size:12pt;font-family:宋体;"><strong>企业网站制作、电子商务平台搭建、系统分析构架、企业内部整合的解决方案、域名注册、虚拟独立主机</strong></span><span style="font-size:12pt;font-family:宋体;color:#444444;">等服务。公司自</span><span style="font-size:12pt;">2007</span><span style="font-size:12pt;font-family:宋体;color:#444444;">年成立以</span><span style="font-size:12pt;font-family:宋体;color:#333333;">来，一直专注于系统研发，极力打造完美的产品，为广大</span><span style="font-size:12pt;font-family:宋体;color:#444444;">国内外企业提供高质量、全方位的电子商务服务。</span></p>\r\n<p style="text-indent:27pt;">\r\n	&nbsp;</p>\r\n<p style="text-indent:27pt;">\r\n	<span style="font-size:12pt;font-family:宋体;color:#444444;">公司具有丰富的专业经验和雄厚的研发实力。上海实玮的团队精通国内外各开源电子商务系统，主要有</span><span style="font-size:12pt;">OSCommerce,X-CART,Zen-Cart,ECShop</span><span style="font-size:12pt;font-family:宋体;color:#444444;">，成功为几十家企业快速打造网上电子商务平台。</span><span style="font-size:12pt;font-family:宋体;"><strong>项目领域有多商家管理系统，手机购物系统，企业内部积分系统，企业内部统计系统，物流管理系统，内容管理系统</strong></span><span style="font-size:12pt;font-family:宋体;color:#444444;">等。</span></p>\r\n<p style="text-indent:27pt;">\r\n	&nbsp;</p>\r\n<p style="text-indent:27pt;">\r\n	<span style="font-size:12pt;">2011</span><span style="font-size:12pt;font-family:宋体;color:#444444;">年</span><span style="font-size:12pt;">3</span><span style="font-size:12pt;font-family:宋体;color:#444444;">月,上海实玮搭建了</span><span style="font-size:12pt;">IOCO</span><span style="font-size:12pt;font-family:宋体;color:#444444;">约客网自助建站平台。</span><span style="font-size:12pt;">IOCO</span><span style="font-size:12pt;font-family:宋体;color:#444444;">约客网，是一个专业的垂直型电子商务平台，能够帮助中、小企业以最快的速度投入电子商务领域，企业可以在几小时甚至几十分钟时间内制作一个功能强大，界面精美的企业电子商务网站。还有多种类型可供客户选择：<strong>外贸店、淘来淘往、</strong></span><span style="font-size:12pt;"><strong>B2C</strong></span><span style="font-size:12pt;font-family:宋体;color:#444444;"><strong>商城、企业门户站</strong>。</span></p>\r\n<p style="text-indent:27pt;">\r\n	&nbsp;</p>\r\n<p style="text-indent:27pt;">\r\n	<span><span style="font-size:12pt;">2009</span><span style="font-size:12pt;font-family:宋体;color:#444444;">年</span><span style="font-size:12pt;">9</span><span style="font-size:12pt;font-family:宋体;color:#444444;">月，上海实玮成为新网核心合作伙伴。</span></span></p>\r\n<p style="text-indent:27pt;">\r\n	<br />\r\n	&nbsp;</p>\r\n<p style="text-indent:27pt;">\r\n	<span style="font-size:12pt;">2009</span><span style="font-size:12pt;font-family:宋体;color:#444444;">年初,上海实玮的团队运用国内外最先进</span><span style="font-size:12pt;">WEB</span><span style="font-size:12pt;font-family:宋体;color:#444444;">技术，自主研发出一套应用广、性能高的电子商务平台软件</span><span style="font-size:12pt;">SV-Cart</span><span style="font-size:12pt;font-family:宋体;color:#444444;">，立志成为国内最具潜力的运用平台，促进国内电子商务行业高速发展！</span></p>\r\n<p style="text-indent:27pt;">\r\n	&nbsp;</p>\r\n<p style="text-indent:27pt;">\r\n	<span style="font-size:12pt;font-family:宋体;color:#444444;">我们以奉献网络科技而缩短人类之间沟通的距离，秉承</span><span style="font-size:12pt;">&ldquo;</span><span style="font-size:12pt;font-family:宋体;color:#444444;">科技创新，与您共进</span><span style="font-size:12pt;">&rdquo;</span><span style="font-size:12pt;font-family:宋体;color:#444444;">的宗旨，全力提升企业的形象，以为客户创造价值为自身的社会使命，以提供各种上网解决方案为中心开展业务工作。我们从市场的角度和客户的需求出发，帮助企业及其产品树立良好的形象，拓展市场空间创造竞争优势，提升企业的无形资产。</span></p>\r\n<p>\r\n	&nbsp;</p>\r\n<p>\r\n	&nbsp;</p>\r\n<p>\r\n	&nbsp;</p>\r\n<p>\r\n	<strong><span>服务对象：各大、中、小型企业、个人</span></strong></p>\r\n<p>\r\n	&nbsp;</p>\r\n<p>\r\n	<span>公司名称：上海实玮网络科技有限公司</span></p>\r\n<p>\r\n	<span>地址：上海市虹口区花园路66弄1号1303室</span></p>\r\n<p>\r\n	邮箱：info@seevia.cn</p>\r\n<p>\r\n	&nbsp;<img alt="" src="http://img.ioco.cn/i/2012/06/img_ioco01_com/www.seevia.cn/original/5/10baaa8390528bf4d9246a2ba166c4eb1.jpg" /></p>\r\n<p>\r\n	&nbsp;</p>\r\n<p>\r\n	<strong><span>我们的部分客户：</span></strong></p>\r\n<p align="left">\r\n	<a href="http://baike.baidu.com/view/140699.htm?hold=synst" target="_blank"><span>欧尚</span>(<span>中国</span>)<span>投资有限公司</span></a><br />\r\n	<span>上海新丽装饰工程有限公司</span><br />\r\n	OM Group, Inc. (OMG)<br />\r\n	<span>上海热线</span><br />\r\n	<a href="http://detail.b2b.hc360.com/detail/turbine/template/shop%2Calbumshow.html?providerid=100005102371&amp;albumid=2748699" target="_blank"><span>上海烟波致爽阁百货商行</span></a><br />\r\n	<span>神州数码控股有限公司</span><br />\r\n	<a href="http://www.01job.cn/cgi/com151704.html" target="_blank"><span>宁波艾婷贸易有限公司</span></a><br />\r\n	<span>上海公益拍卖有限公司</span><br />\r\n	<span>上海市医学会</span><br />\r\n	<span>上海市人口与发展研究中心</span><br />\r\n	上海旭弘科技有限公司<br />\r\n	和记黄埔（中国）商贸有限公司上海分公司<br />\r\n	&nbsp;</p>\r\n', NULL, '', '', '', '2014-09-28 14:08:02', '2014-09-28 14:08:02');


--
-- 转存表中的数据 `svcms_navigations`
--

INSERT INTO `svcms_navigations` (`id`, `parent_id`, `type`, `orderby`, `status`, `icon`, `target`, `controller`, `created`, `modified`) VALUES
(2, 0, 'B', 20, '1', '', '_self', 'pages', '2014-06-30 10:30:28', '2014-09-28 14:13:01'),
(3, 0, 'T', 22, '1', '', '_blank', 'articles', '2014-07-08 16:02:13', '2014-08-21 16:57:56'),
(4, 0, 'T', 10, '1', '', '_self', 'pages', '2014-07-17 13:27:22', '2014-09-28 14:25:29'),
(10, 0, 'T', 26, '1', '', '_self', 'pages', '2014-08-21 16:54:14', '2014-09-28 14:11:52'),
(11, 0, 'T', 27, '1', '', '_self', 'pages', '2014-08-21 16:55:29', '2014-08-21 16:58:14'),
(12, 0, '0', 28, '1', '', '_self', 'pages', '2014-08-21 16:56:36', '2014-08-21 16:56:36'),
(13, 0, 'H', 29, '1', '', '_self', 'pages', '2014-08-21 17:16:09', '2014-09-28 15:15:38'),
(17, 0, '0', 32, '1', '', '_self', 'pages', '2014-08-28 13:59:53', '2014-08-28 13:59:53'),
(18, 0, '0', 33, '1', '', '_self', 'pages', '2014-08-28 14:22:17', '2014-08-28 14:22:17'),
(21, 0, 'T', 36, '1', '', '_self', 'pages', '2014-08-29 14:02:02', '2014-08-29 14:02:02'),
(22, 0, 'T', 21, '1', '', '_self', 'pages', '2014-08-29 14:03:56', '2014-08-29 14:03:56'),
(23, 0, 'B', 10, '1', '', '_self', 'pages', '2014-08-29 14:42:26', '2014-09-28 14:12:48');

--
-- 转存表中的数据 `svcms_navigation_i18ns`
--

INSERT INTO `svcms_navigation_i18ns` (`id`, `locale`, `navigation_id`, `name`, `url`, `description`, `img01`, `img02`, `created`, `modified`) VALUES
(83, 'chi', 2, '网站地图', '/sitemaps', '', '', '', '2014-09-28 14:13:01', '2014-09-28 14:13:01'),
(63, 'chi', 21, '新闻中心', '/articles/', '', '', '', '2014-08-29 14:02:02', '2014-08-29 14:02:02'),
(40, 'eng', 3, 'XinSong', '/categories/3', '', '', '', '2014-08-21 16:57:56', '2014-08-21 16:57:56'),
(88, 'eng', 4, 'HOME', '/', '', '', '', '2014-09-28 14:25:29', '2014-09-28 14:25:29'),
(39, 'chi', 3, '馨颂', '/categories/3', '', '', '', '2014-08-21 16:57:56', '2014-08-21 16:57:56'),
(77, 'chi', 10, '生活家居', '/categories/2', '', '', '', '2014-09-28 14:11:52', '2014-09-28 14:11:52'),
(41, 'chi', 11, 'HOMIX', '/categories/4', '', '', '', '2014-08-21 16:58:14', '2014-08-21 16:58:14'),
(35, 'chi', 12, 'HOMIX', '/categories/4', NULL, NULL, NULL, '2014-08-21 16:56:36', '2014-08-21 16:56:36'),
(36, 'eng', 12, 'HOMIX', '/categories/4', NULL, NULL, NULL, '2014-08-21 16:56:36', '2014-08-21 16:56:36'),
(42, 'eng', 11, 'HOMIX', '/categories/4', '', '', '', '2014-08-21 16:58:14', '2014-08-21 16:58:14'),
(89, 'chi', 13, '招聘', '/jobs/', '', '', '', '2014-09-28 15:15:38', '2014-09-28 15:15:38'),
(90, 'eng', 13, 'JOBS', '/jobs/', '', '', '', '2014-09-28 15:15:38', '2014-09-28 15:15:38'),
(78, 'eng', 10, 'Love Home', '', '', '', '', '2014-09-28 14:11:52', '2014-09-28 14:11:52'),
(87, 'chi', 4, '首页', '/', '', '', '', '2014-09-28 14:25:29', '2014-09-28 14:25:29'),
(55, 'chi', 17, 'test', '/categories/6', NULL, NULL, NULL, '2014-08-28 13:59:53', '2014-08-28 13:59:53'),
(56, 'eng', 17, '', '/categories/6', NULL, NULL, NULL, '2014-08-28 13:59:53', '2014-08-28 13:59:53'),
(57, 'chi', 18, '旅游', '/topics/20', NULL, NULL, NULL, '2014-08-28 14:22:17', '2014-08-28 14:22:17'),
(58, 'eng', 18, '', '/topics/20', NULL, NULL, NULL, '2014-08-28 14:22:17', '2014-08-28 14:22:17'),
(84, 'eng', 2, 'Sitemaps', '/sitemaps', '', '', '', '2014-09-28 14:13:01', '2014-09-28 14:13:01'),
(82, 'eng', 23, 'Contacts', '/contacts/', '', '', '', '2014-09-28 14:12:48', '2014-09-28 14:12:48'),
(64, 'eng', 21, 'NEWS', '/articles/', '', '', '', '2014-08-29 14:02:02', '2014-08-29 14:02:02'),
(65, 'chi', 22, '品牌推荐', '/brands/', '', '', '', '2014-08-29 14:03:56', '2014-08-29 14:03:56'),
(66, 'eng', 22, 'Brand', '/brands/', '', '', '', '2014-08-29 14:03:56', '2014-08-29 14:03:56'),
(81, 'chi', 23, '联系我们', '/contacts/', '', '', '', '2014-09-28 14:12:48', '2014-09-28 14:12:48');


--
-- 转存表中的数据 `svcms_topics`
--

INSERT INTO `svcms_topics` (`id`, `start_time`, `end_time`, `template`, `css`, `status`, `front`, `front_num`, `orderby`, `created`, `modified`) VALUES
(15, '2014-01-08 00:00:00', '2016-01-29 23:59:59', '', '', '1', '0', 0, '', '2014-08-13 11:42:33', '2014-09-28 14:20:47'),
(14, '2014-01-08 00:00:00', '2016-01-16 23:59:59', '', '', '1', '0', 0, '', '2014-06-30 10:22:57', '2014-09-28 14:21:29'),
(16, '2014-08-19 00:00:00', '2017-08-17 23:59:59', '', '', '1', '0', 0, '', '2014-08-21 16:35:27', '2014-09-28 14:27:28'),
(17, '2014-08-18 00:00:00', '2016-08-26 23:59:59', '', '', '1', '0', 0, '', '2014-08-21 16:41:04', '2014-09-28 14:26:58'),
(18, '2014-08-20 00:00:00', '2016-08-18 23:59:59', '', '', '1', '0', 0, '', '2014-08-21 16:43:36', '2014-09-28 14:28:11'),
(19, '2014-08-13 00:00:00', '2016-08-17 23:59:59', '', '', '1', '0', 0, '', '2014-08-21 16:44:54', '2014-09-28 14:22:15');


--
-- 转存表中的数据 `svcms_topic_i18ns`
--

INSERT INTO `svcms_topic_i18ns` (`id`, `locale`, `topic_id`, `title`, `img01`, `img02`, `intro`, `mobile_intro`, `meta_keywords`, `meta_description`, `created`, `modified`) VALUES
(19, 'eng', 15, 'The 2014 World Cup', 'http://img.seevia.cn/img/photos/201409/0/1/original/776b0ea4c2956e27a7bcccf7496d9729.jpg', '', '<p>\r\n	<span style="color: rgb(51, 51, 51); font-family: arial; font-size: 24px; line-height: 37px;">The 2014 World Cup</span></p>\r\n<p>\r\n	<span style="color: rgb(51, 51, 51); font-family: arial; font-size: 24px; line-height: 37px;">The 2014 World Cup</span></p>\r\n<p>\r\n	<span style="color: rgb(51, 51, 51); font-family: arial; font-size: 24px; line-height: 37px;">The 2014 World Cup</span></p>\r\n<p>\r\n	<span style="color: rgb(51, 51, 51); font-family: arial; font-size: 24px; line-height: 37px;">The 2014 World Cup</span></p>\r\n<p>\r\n	<span style="color: rgb(51, 51, 51); font-family: arial; font-size: 24px; line-height: 37px;">The 2014 World Cup</span></p>\r\n', '', '', '', '2014-09-28 14:20:47', '2014-09-28 14:20:47'),
(18, 'chi', 15, '2014世界杯', 'http://img.seevia.cn/img/photos/201408/0/2/original/fd02be28b3b24104acb4a325d83e0e21.jpg', '', '<div>\r\n	世界杯是1928年FIFA为获胜者特制的奖品，是由巴黎著名首饰技师弗列尔铸造的。其模特是希腊传说中的胜利女神尼凯，她身着古罗马束腰长袍，双臂伸直，手中捧一只大杯。金杯高35厘米，重量3.8公斤，为银杯镀金铸成，立在大理石底座上。此杯为流动奖品，谁得了冠军，可把金杯保存4年，到下一届杯赛前交还给国际足联，以便颁发给新的世界冠军。此外有一个附加规定是：谁三次获得世界冠军，谁将永远得到此杯。</div>\r\n<div>\r\n	雷米特杯与大力神杯</div>\r\n<div>\r\n	雷米特杯与大力神杯</div>\r\n<div>\r\n	1970年第九届世界杯赛时，乌拉圭、意大利、巴西都已获得过两次冠军。因此都有永远占有此杯的机会，结果是巴西队捷足先得，占有了此杯。</div>\r\n<div>\r\n	为此，国际足联还得准备一个新奖杯，以发给下届冠军。1971年5月，国际足联举行新杯审议会，通过对53种方案评议后，决定采用意大利人加扎尼亚的设计方案&mdash;&mdash;两个大力士双手举起地球的设计方案。这个造形象征着世界第一运动的规模。新的奖杯定名为&ldquo;大力神杯&rdquo;。该杯高36.8厘米，重6.175公斤，其中4.97公斤的主体由真正的纯金铸造。底座由两层孔雀石构成，珍贵无比。</div>\r\n<div>\r\n	国际足联规定新杯为流动奖品，不论哪个队获得多少冠军，也不能永久占有此杯。在大力神杯的底座下面有能容纳镌刻17个冠军队名字的铭牌&mdash;&mdash;可以持续使用到2038年。大力神杯是现今足球世界杯的奖杯，是足球界的最高荣誉的象征，无论从构造、价值、珍贵度等方面来看，都绝非世界上其他任何奖杯可比。</div>\r\n', '', '', '', '2014-09-28 14:20:47', '2014-09-28 14:20:47'),
(20, 'chi', 16, 'O2O专题', 'http://img.seevia.cn/img/photos/201408/0/2/original/fa63e276aeb1aecfa0ad90505ee9ebdd.jpg', '', '<div>\r\n	所谓O2O就是Online To Offline，也就是说将线下商务的机会与互联网能结合在一起了，让互联网成为线下交易的前台。这样线下服务就可以用线上来揽客，消费者可以用线上来筛选服务，还有成交可以在线结算，很快达到规模。最重要的是：推广效果可查，每笔交易可跟踪。</div>\r\n<div>\r\n	这同目录模式明显不同，因为支付有助于量化业绩和完成交易等。也出现了在之前模式之外的另外一种模式&mdash;O2P商业模式，它类似于O2O，又区别于O2O。它和O2O模式的区别即是在线下消费。通过网站或者在线下商家店中的移动端了解相关资讯后，再到线下的商家去消费。消费者可在简单的了解之后再决定消费与否或在体验之后再支付，该类模式很适合大件商品的购买和休闲娱乐性消费。</div>\r\n', '', '', '', '2014-09-28 14:27:28', '2014-09-28 14:27:28'),
(16, 'chi', 14, '世界杯特刊', 'http://img.seevia.cn/img/photos/201408/0/2/original/db24ce3984b0140fbd0ce1b1feb37f21.jpg', '', '<div>\r\n	&nbsp;</div>\r\n<div>\r\n	&nbsp;</div>\r\n<div>\r\n	世界杯（FIFA World Cup）通常指的是国际足联世界杯（其他项目亦有世界杯，比如国际篮联世界杯、国际排联世界杯等），是世界上最高荣誉、最高规格、最高含金量、最高知名度的足球比赛，与奥运会并称为全球体育两大最顶级赛事，甚至是转播覆盖率超过奥运会的全球最大体育盛事。</div>\r\n<div>\r\n	世界杯是全球各个国家在足球领域最梦寐以求的神圣荣耀，哪一支国家足球队能得到冠军，就是名正言顺的世界第一，整个世界都会为之疯狂沸腾。世界杯上发挥出色的球员都会被该国家奉为民族英雄永载史册，所以它亦代表了各个足球运动员的终极梦想。</div>\r\n<div>\r\n	世界杯每四年举办一次，任何国际足联会员国（地区）都可以派出代表队报名参加这项赛事。</div>\r\n<div>\r\n	巴西国家男子足球队目前是夺得该项荣誉最多的球队，共获得5次世界杯冠军，并且在3夺世界杯后永久地保留了前任世界杯雷米特金杯，现在的世界杯是大力神杯。德国在1974年首次捧杯并沿用至今，都统称为世界杯。</div>\r\n', '', '', '', '2014-09-28 14:21:29', '2014-09-28 14:21:29'),
(22, 'chi', 17, 'B2C专题', 'http://img.seevia.cn/img/photos/201408/0/2/original/0c09691cd86bf826bc93cc10e583780a.jpg', '', '<div>\r\n	商城系统</div>\r\n<div>\r\n	&nbsp;</div>\r\n<div>\r\n	是一款为产品分销企业制作B2C在线电子商务平台，企业往往在销售过程中，采用多渠道分销等形式，人力成本和投资都较大，汇亚电子商务系统致力于为企业打造一个网上销售渠道，集成CRM管理、采购管理、进销存管理、会员管理等功能，不同于简单的电子商城系统，电子商务系统将为企业提供端到端的电子商务的咨询和平台建设。</div>\r\n<div>\r\n	产品功能</div>\r\n<div>\r\n	前台功能模块：商品展示、站内搜索、用户管理、在线订购、批量采购、招商加盟、网站公告、帮助中心、友情链接</div>\r\n<div>\r\n	后台管理功能：客户管理、订单管理、商品管理、销售管理、客服管理、采购管理、库存管理、出库管理、退货管理、财务管理、统计报表、权限管理、操作日志</div>\r\n<div>\r\n	设计原则</div>\r\n<div>\r\n	1. 易用性：软件设计研发使用的技术不对浏览者使用的浏览器有特殊要求，软件操作界面简洁，方便各类操作人员操作使用。</div>\r\n<div>\r\n	2. 高效性：软件页面的设计大气、美观、简洁，能体现公司企业文化，尽可能地提高浏览速度，突出主要信息。软件导航层次清晰，方便浏览者对相关信息的访问。</div>\r\n<div>\r\n	3. 结构合理：栏目设置合理，符合人们的浏览习惯。软件层次设计合理，让操作者可以通过尽可能少的点击次数即可找到需要的信息。</div>\r\n<div>\r\n	4. 可扩展性：软件设计已考虑到业务未来发展的需要，同时考虑软件使用的阶段性，要尽可能地设计得简明，各个功能模块间的耦合度小，便于软件的扩展，平滑地与其它应用软件自动接口。</div>\r\n<div>\r\n	5. 安全、稳定性：在充分考虑到软件访问性能的同时，软件还格外重视软件的安全和稳定性问题，软件使用了防SQL注入、上传文件验收、关键数据加密等方式保证了软件安全可靠。</div>\r\n<div>\r\n	6. 并发性强：考虑到软件的使用者同时操作软件的情况，软件支持多人操作，建立高速缓冲机制，提供使用者的访问速度。</div>\r\n<div>\r\n	7. 可移植性、可延续性：采用的开发技术不仅满足应用需求，而且要适应未来的发展趋势，在以后的升级、移植工作方便。降低用户的二次开发成本，保证用户的投资利益。</div>\r\n<div>\r\n	8. 个性化：利用注册用户提供的相关信息，或利用COOKIE等技术，为顾客提供尽可能多的个性化服务。</div>\r\n<div>\r\n	9. 互动性：软件建立了反馈机制，实现自动响应机制，实现高度互动。</div>\r\n<div>\r\n	10. 创意性强：结合行业现状与行业特点，功能特色鲜明、独具风格，充分体现销售公司管理流程。</div>\r\n<div>\r\n	11. 维护性强：软件维护简单，操作方便，使企业自己的管理人员完全可以自行维护软件的栏目内容。</div>\r\n<div>\r\n	软件架构</div>\r\n<div>\r\n	软件采用B/S架构，软件可执行程序及相关数据库都部署中服务器端，用户通过客户端浏览器无需安装直接使用软件。</div>\r\n', '', '', '', '2014-09-28 14:26:58', '2014-09-28 14:26:58'),
(23, 'eng', 17, 'B2C', 'http://img.seevia.cn/img/photos/201409/0/1/original/ff0e452d43c7a0101d16563e6e0e6ca8.jpg', '', '<p>\r\n	B2C &nbsp;B2C</p>\r\n<p>\r\n	B2C &nbsp;B2C</p>\r\n<p>\r\n	B2C &nbsp;B2C</p>\r\n<p>\r\n	B2C &nbsp;B2C</p>\r\n<p>\r\n	&nbsp;</p>\r\n<p>\r\n	B2C &nbsp;B2C</p>\r\n<p>\r\n	&nbsp;</p>\r\n<p>\r\n	B2C &nbsp;B2CB2C &nbsp;B2CB2C &nbsp;B2CB2C &nbsp;B2C</p>\r\n<p>\r\n	B2C &nbsp;B2C</p>\r\n<p>\r\n	B2C &nbsp;B2C</p>\r\n<p>\r\n	B2C &nbsp;B2C</p>\r\n', '', '', '', '2014-09-28 14:26:58', '2014-09-28 14:26:58'),
(24, 'chi', 18, '家居特卖会', 'http://img.seevia.cn/img/photos/201408/0/2/original/4c78d1c2e19563bc20d9292b5e7fbf54.JPG', '', '<p>\r\n	evergreen爱物格林家居特卖会，数量有限，先到先得！</p>\r\n', '', '', '', '2014-09-28 14:28:11', '2014-09-28 14:28:11'),
(25, 'eng', 18, 'Home Furnishing sale', 'http://img.seevia.cn/img/photos/201409/0/1/original/dbdfa84e04040d2017d8860ba9fa2c44.JPG', '', '<p>\r\n	<u><strong>Home Furnishing sale</strong></u></p>\r\n<p>\r\n	Home Furnishing saleHome Furnishing sale</p>\r\n<p>\r\n	Home Furnishing sale</p>\r\n<p>\r\n	Home Furnishing sale</p>\r\n<p>\r\n	Home Furnishing sale</p>\r\n<p>\r\n	Home Furnishing sale</p>\r\n<p>\r\n	Home Furnishing sale</p>\r\n<p>\r\n	Home Furnishing sale</p>\r\n<p>\r\n	Home Furnishing saleHome Furnishing sale</p>\r\n<p>\r\n	Home Furnishing sale</p>\r\n', '', '', '', '2014-09-28 14:28:11', '2014-09-28 14:28:11'),
(26, 'chi', 19, '童装特卖会', 'http://img.seevia.cn/img/photos/201408/0/2/original/d9150865cc5f20489e202b7a58c745bd.JPG', '', '<p>\r\n	<span style="color: rgb(51, 51, 51); font-family: arial; font-size: small; line-height: 19px;">国内首家专业母婴</span><font color="#CC0000" style="font-family: arial; font-size: small; line-height: 19px;">特卖</font><span style="color: rgb(51, 51, 51); font-family: arial; font-size: small; line-height: 19px;">网站,上千家母婴品牌限时</span><font color="#CC0000" style="font-family: arial; font-size: small; line-height: 19px;">特卖</font><span style="color: rgb(51, 51, 51); font-family: arial; font-size: small; line-height: 19px;">,每天10点开抢!全网100%正品,全场包邮,7天无理由退货有保障.</span></p>\r\n', '', '', '', '2014-09-28 14:22:15', '2014-09-28 14:22:15'),
(27, 'eng', 19, 'Children''s clothes sale', 'http://img.seevia.cn/img/photos/201409/0/1/original/aa303c7a5f0e67571dddff7730d22781.JPG', '', '<p>\r\n	<span style="color: rgb(51, 51, 51); font-family: arial; font-size: 24px; line-height: 37px;">Children&#39;s clothes sale</span></p>\r\n<p>\r\n	<span style="color: rgb(51, 51, 51); font-family: arial; font-size: 24px; line-height: 37px;">Children&#39;s clothes sale</span></p>\r\n<p>\r\n	<span style="color: rgb(51, 51, 51); font-family: arial; font-size: 24px; line-height: 37px;">Children&#39;s clothes sale</span></p>\r\n<p>\r\n	<span style="color: rgb(51, 51, 51); font-family: arial; font-size: 24px; line-height: 37px;">Children&#39;s clothes sale</span></p>\r\n<p>\r\n	<span style="color: rgb(51, 51, 51); font-family: arial; font-size: 24px; line-height: 37px;">Children&#39;s clothes sale</span></p>\r\n<p>\r\n	<span style="color: rgb(51, 51, 51); font-family: arial; font-size: 24px; line-height: 37px;">Children&#39;s clothes sale</span></p>\r\n<p>\r\n	<span style="color: rgb(51, 51, 51); font-family: arial; font-size: 24px; line-height: 37px;">Children&#39;s clothes sale</span></p>\r\n', '', '', '', '2014-09-28 14:22:15', '2014-09-28 14:22:15'),
(17, 'eng', 14, 'World Cup', 'http://img.seevia.cn/img/photos/201409/0/1/original/86107fdcdb352ff948557a3647a31644.jpg', '', '<p>\r\n	<span style="color: rgb(51, 51, 51); font-family: arial; font-size: 24px; line-height: 37px;">World Cup</span></p>\r\n<p>\r\n	<span style="color: rgb(51, 51, 51); font-family: arial; font-size: 24px; line-height: 37px;">World Cup</span></p>\r\n<p>\r\n	<span style="color: rgb(51, 51, 51); font-family: arial; font-size: 24px; line-height: 37px;">World Cup</span></p>\r\n<p>\r\n	<span style="color: rgb(51, 51, 51); font-family: arial; font-size: 24px; line-height: 37px;">World Cup</span></p>\r\n<p>\r\n	<span style="color: rgb(51, 51, 51); font-family: arial; font-size: 24px; line-height: 37px;">World Cup</span><span style="color: rgb(51, 51, 51); font-family: arial; font-size: 24px; line-height: 37px;">World Cup</span></p>\r\n', '', '', '', '2014-09-28 14:21:29', '2014-09-28 14:21:29'),
(21, 'eng', 16, 'O2O', 'http://img.seevia.cn/img/photos/201409/0/1/original/9e3e780371a8b612592dcc24c398fd04.jpg', '', '<p>\r\n	<strong>O2O &nbsp;O2O &nbsp;O2O</strong></p>\r\n<p>\r\n	<strong>O2O &nbsp;O2O &nbsp;O2O</strong></p>\r\n<p>\r\n	<strong>O2O &nbsp;O2O &nbsp;O2O</strong><strong>O2O &nbsp;O2O &nbsp;O2O</strong><strong>O2O &nbsp;O2O &nbsp;O2O</strong></p>\r\n<p>\r\n	&nbsp;</p>\r\n<p>\r\n	<strong>O2O &nbsp;O2O &nbsp;O2O</strong></p>\r\n<p>\r\n	<strong>O2O &nbsp;O2O &nbsp;O2O</strong></p>\r\n<p>\r\n	<strong>O2O &nbsp;O2O &nbsp;O2O</strong></p>\r\n<p>\r\n	<strong>O2O &nbsp;O2O &nbsp;O2O</strong></p>\r\n<p>\r\n	<strong>O2O &nbsp;O2O &nbsp;O2O</strong></p>\r\n<p>\r\n	<strong>O2O &nbsp;O2O &nbsp;O2O</strong></p>', '', '', '', '2014-09-28 14:27:28', '2014-09-28 14:27:28');


--
-- 转存表中的数据 `svcms_links`
--

INSERT INTO `svcms_links` (`id`, `type`, `contact_name`, `contact_email`, `contact_tele`, `orderby`, `status`, `target`, `created`, `modified`) VALUES
(1, 0, '', '', '', 50, '1', '_blank', '2014-08-28 14:12:18', '2014-09-25 13:10:00');


--
-- 转存表中的数据 `svcms_link_i18ns`
--

INSERT INTO `svcms_link_i18ns` (`id`, `locale`, `link_id`, `name`, `description`, `url`, `click_stat`, `img01`, `img02`, `created`, `modified`) VALUES
(24, 'eng', 1, 'Seevia', '', 'http://www.seevia.cn', 0, '', '', '2014-09-25 13:10:00', '2014-09-25 13:10:00'),
(23, 'chi', 1, 'Seevia', '', 'http://www.seevia.cn', 0, '', '', '2014-09-25 13:10:00', '2014-09-25 13:10:00');
